Agent,Difficulty,Tool_Fail_Rate,Sample_Count,Tool_Success_Rate
React,dễ,0.0,37,1.0
React,khó,0.018518518518518517,55,0.9814814814814815
ReWOO,dễ,0.0,37,1.0
ReWOO,khó,0.018867924528301886,55,0.9811320754716981
Reflexion,dễ,0.0,37,1.0
Reflexion,khó,0.01818181818181818,55,0.9818181818181818
Multi-Agent,dễ,0.0,37,1.0
Multi-Agent,khó,0.0,55,1.0
