Agent,Difficulty,Accuracy,Sample_Count
React,dễ,0.21621621621621623,37
React,khó,0.18181818181818182,55
ReWOO,dễ,0.3783783783783784,37
ReWOO,khó,0.2909090909090909,55
Reflexion,dễ,0.32432432432432434,37
Reflexion,khó,0.2545454545454545,55
Multi-Agent,dễ,0.5945945945945946,37
Multi-Agent,khó,0.32727272727272727,55
